250mmStrikeCannons,250mmStrikeCannons,,,,,,,,,,,,,,,,,,,,,,,,,,,,,,Cancel250mmStrikeCannons,
ArchonWarp,ArchonWarpSelection,ArchonWarpTarget,,,,,,,,,,,,,,,,,,,,,,,,,,,,,,
ArmSiloWithNuke,BuildNuke,,,,,,,,,,,,,,,,,,,,,,,,,,,,,,CancelNuke,
ArmoryResearch,,,UpgradeVehiclePlating1,UpgradeVehiclePlating2,UpgradeVehiclePlating3,UpgradeVehicleWeapons1,UpgradeVehicleWeapons2,UpgradeVehicleWeapons3,UpgradeShipPlating1,UpgradeShipPlating2,UpgradeShipPlating3,UpgradeShipWeapons1,UpgradeShipWeapons2,UpgradeShipWeapons3,,,,,,,,,,,,,,,,,CancelArmoryResearch,
AssaultMode,AssaultMode,,,,,,,,,,,,,,,,,,,,,,,,,,,,,,,
AttackRedirect,Attack,,,,,,,,,,,,,,,,,,,,,,,,,,,,,,,
AttackWarpPrism,AttackWarpPrism,,,,,,,,,,,,,,,,,,,,,,,,,,,,,,,
BanelingNestResearch,EvolveCentrifugalHooks,EvolveTunnelingJaws,,,,,,,,,,,,,,,,,,,,,,,,,,,,,CancelBanelingNestResearch,
BansheeCloak,CloakBanshee,DecloakBanshee,,,,,,,,,,,,,,,,,,,,,,,,,,,,,,
BarracksAddOns,TechLabBarracks,ReactorBarracks,,,,,,,,,,,,,,,,,,,,,,,,,,,,,CancelBarracksAddon,
BarracksLand,LandBarracks,,,,,,,,,,,,,,,,,,,,,,,,,,,,,,,
BarracksLiftOff,LiftBarracks,,,,,,,,,,,,,,,,,,,,,,,,,,,,,,,
BarracksReactorMorph,BuildReactorBarracks,,,,,,,,,,,,,,,,,,,,,,,,,,,,,,,
BarracksTechLabMorph,BuildTechLabBarracks,,,,,,,,,,,,,,,,,,,,,,,,,,,,,,,
BarracksTechLabResearch,ResearchStimpack,ResearchCombatShield,ResearchConcussiveShells,ResearchCombatDrugs,,,,,,,,,,,,,,,,,,,,,,,,,,,CancelBarracksTechLabResearch,
BarracksTrain,TrainMarine,TrainReaper,TrainGhost,TrainMarauder,,,,,,,,,,,,,,,,,,,,,,,,,,,CancelBarracksTrain,
Beacon,,,,,,,,,,,,,,,,,,,,,,,,,,,,,,,,
Blink,Blink,,,,,,,,,,,,,,,,,,,,,,,,,,,,,,,
BridgeExtend,BridgeExtend,,,,,,,,,,,,,,,,,,,,,,,,,,,,,,,
BridgeRetract,BridgeRetract,,,,,,,,,,,,,,,,,,,,,,,,,,,,,,,
BroodLordHangar,BuildBroodling,,,,,,,,,,,,,,,,,,,,,,,,,,,,,,,
BroodLordQueue2,CancelLast,CancelSlot,,,,,,,,,,,,,,,,,,,,,,,,,,,,,,
BuildAutoTurret,BuildAutoTurret,,,,,,,,,,,,,,,,,,,,,,,,,,,,,,,
BuildInProgress,CancelBuilding,HaltBuilding,,,,,,,,,,,,,,,,,,,,,,,,,,,,,,
BuildNydusCanal,BuildNydusWorm,SummonNydusDestroyer,SummonCreepTower,,,,,,,,,,,,,,,,,,,,,,,,,,,,CancelNydusNetworkBuild,
BuildinProgressNydusCanal,,,,,,,,,,,,,,,,,,,,,,,,,,,,,,,,
BuildingShield,BuildingShield,,,,,,,,,,,,,,,,,,,,,,,,,,,,,,,
BuildingStasis,PhaseShift,,,,,,,,,,,,,,,,,,,,,,,,,,,,,,,
BunkerTransport,LoadTargetBunker,UnloadAllBunker,UnloadTargetBunker,UnloadUnitBunker,LoadAllBunker,,,,,,,,,,,,,,,,,,,,,,,,,,,
BurrowBanelingDown,BurrowBaneling,,,,,,,,,,,,,,,,,,,,,,,,,,,,,,,
BurrowBanelingUp,UnburrowBaneling,,,,,,,,,,,,,,,,,,,,,,,,,,,,,,,
BurrowChargeMP,BurrowCharge,,,,,,,,,,,,,,,,,,,,,,,,,,,,,,,
BurrowChargeRevD,BurrowCharge,,,,,,,,,,,,,,,,,,,,,,,,,,,,,,,
BurrowChargeTrial,BurrowCharge,,,,,,,,,,,,,,,,,,,,,,,,,,,,,,,
BurrowCreepTumorDown,BurrowCreepTumor,,,,,,,,,,,,,,,,,,,,,,,,,,,,,,,
BurrowDroneDown,BurrowDrone,,,,,,,,,,,,,,,,,,,,,,,,,,,,,,,
BurrowDroneUp,UnburrowDrone,,,,,,,,,,,,,,,,,,,,,,,,,,,,,,,
BurrowHydraliskDown,BurrowHydralisk,,,,,,,,,,,,,,,,,,,,,,,,,,,,,,,
BurrowHydraliskUp,UnburrowHydralisk,,,,,,,,,,,,,,,,,,,,,,,,,,,,,,,
BurrowInfestorDown,BurrowInfestor,,,,,,,,,,,,,,,,,,,,,,,,,,,,,,,
BurrowInfestorTerranDown,BurrowInfestedTerran,,,,,,,,,,,,,,,,,,,,,,,,,,,,,,,
BurrowInfestorTerranUp,UnburrowInfestedTerran,,,,,,,,,,,,,,,,,,,,,,,,,,,,,,,
BurrowInfestorUp,UnburrowInfestor,,,,,,,,,,,,,,,,,,,,,,,,,,,,,,,
BurrowProtector,BlindingCloud,,,,,,,,,,,,,,,,,,,,,,,,,,,,,,,
BurrowQueenDown,BurrowQueen,,,,,,,,,,,,,,,,,,,,,,,,,,,,,,,
BurrowQueenUp,UnburrowQueen,,,,,,,,,,,,,,,,,,,,,,,,,,,,,,,
BurrowRoachDown,BurrowRoach,,,,,,,,,,,,,,,,,,,,,,,,,,,,,,,
BurrowRoachUp,UnburrowRoach,,,,,,,,,,,,,,,,,,,,,,,,,,,,,,,
BurrowUltraliskDown,BurrowUltralisk,,,,,,,,,,,,,,,,,,,,,,,,,,,,,,,
BurrowUltraliskUp,UnburrowUltralisk,,,,,,,,,,,,,,,,,,,,,,,,,,,,,,,
BurrowZerglingDown,BurrowZergling,,,,,,,,,,,,,,,,,,,,,,,,,,,,,,,
BurrowZerglingUp,UnburrowZergling,,,,,,,,,,,,,,,,,,,,,,,,,,,,,,,
CAbilArmMagazine,,,,,,,,,,,,,,,,,,,,,,,,,,,,,,,,
CAbilAttack,Attack,,,,,,,,,,,,,,,,,,,,,,,,,,,,,,,
CAbilAugment,,,,,,,,,,,,,,,,,,,,,,,,,,,,,,,,
CAbilBattery,,,,,,,,,,,,,,,,,,,,,,,,,,,,,,,,
CAbilBeacon,,,,,,,,,,,,,,,,,,,,,,,,,,,,,,,,
CAbilBehavior,,,,,,,,,,,,,,,,,,,,,,,,,,,,,,,,
CAbilBuild,,,,,,,,,,,,,,,,,,,,,,,,,,,,,,,CancelCAbilBuild,
CAbilBuildable,,,,,,,,,,,,,,,,,,,,,,,,,,,,,,,HaltCAbilBuildable,
CAbilEffect,,,,,,,,,,,,,,,,,,,,,,,,,,,,,,,,
CAbilEffectInstant,,,,,,,,,,,,,,,,,,,,,,,,,,,,,,,,
CAbilEffectTarget,,,,,,,,,,,,,,,,,,,,,,,,,,,,,,,,
CAbilHarvest,Gather,ReturnCargo,,,,,,,,,,,,,,,,,,,,,,,,,,,,,,
CAbilInteract,,,,,,,,,,,,,,,,,,,,,,,,,,,,,,,,
CAbilInventory,DropItem,MoveItem,TakeItem,UseItemInstant,UseItemTarget,CancelItem,PawnItemInstant,,,,,,,,,,,,,,,,,,,,,,,,,
CAbilLearn,,,,,,,,,,,,,,,,,,,,,,,,,,,,,,,,
CAbilMerge,,,,,,,,,,,,,,,,,,,,,,,,,,,,,,,,
CAbilMergeable,,,,,,,,,,,,,,,,,,,,,,,,,,,,,,,,
CAbilMorph,,,,,,,,,,,,,,,,,,,,,,,,,,,,,,,,
CAbilMorphPlacement,,,,,,,,,,,,,,,,,,,,,,,,,,,,,,,,
CAbilMove,Move,Patrol,HoldPosition,ScanMove,Turn,,,,,,,,,,,,,,,,,,,,,,,,,,,
CAbilPawn,,,,,,,,,,,,,,,,,,,,,,,,,,,,,,,,
CAbilProgress,,,,,,,,,,,,,,,,,,,,,,,,,,,,,,,,
CAbilQueue,CancelLast,CancelSlot,,,,,,,,,,,,,,,,,,,,,,,,,,,,,,
CAbilQueueable,,,,,,,,,,,,,,,,,,,,,,,,,,,,,,,,
CAbilRally,SetRallyPoint,SetRallyPointExtra1,SetRallyPointExtra2,,,,,,,,,,,,,,,,,,,,,,,,,,,,,
CAbilRedirect,,,,,,,,,,,,,,,,,,,,,,,,,,,,,,,,
CAbilResearch,,,,,,,,,,,,,,,,,,,,,,,,,,,,,,,,
CAbilRevive,,,,,,,,,,,,,,,,,,,,,,,,,,,,,,,,
CAbilSpecialize,,,,,,,,,,,,,,,,,,,,,,,,,,,,,,,,
CAbilStop,Stop,HoldFire,Cheer,Dance,,,,,,,,,,,,,,,,,,,,,,,,,,,,
CAbilTrain,,,,,,,,,,,,,,,,,,,,,,,,,,,,,,,,
CAbilTransport,LoadTarget,UnloadAll,UnloadTarget,UnloadUnit,LoadAll,,,,,,,,,,,,,,,,,,,,,,,,,,,
CAbilWarpTrain,,,,,,,,,,,,,,,,,,,,,,,,,,,,,,,,
CAbilWarpable,,,,,,,,,,,,,,,,,,,,,,,,,,,,,,,,
CalldownMULE,CalldownMULE,,,,,,,,,,,,,,,,,,,,,,,,,,,,,,,
CarrierHangar,BuildInterceptor,,,,,,,,,,,,,,,,,,,,,,,,,,,,,,,
Charge,Charge,,,,,,,,,,,,,,,,,,,,,,,,,,,,,,,
Clone,Clone,,,,,,,,,,,,,,,,,,,,,,,,,,,,,,,
CommandCenterLand,LandCommandCenter,,,,,,,,,,,,,,,,,,,,,,,,,,,,,,,
CommandCenterLiftOff,LiftCommandCenter,,,,,,,,,,,,,,,,,,,,,,,,,,,,,,,
CommandCenterTrain,TrainSCV,,,,,,,,,,,,,,,,,,,,,,,,,,,,,,CancelCommandCenterTrain,
CommandCenterTransport,LoadTargetCommandCenter,UnloadAllCommandCenter,UnloadTargetCommandCenter,UnloadUnitCommandCenter,LoadAllCommandCenter,,,,,,,,,,,,,,,,,,,,,,,,,,,
Contaminate,Contaminate,,,,,,,,,,,,,,,,,,,,,,,,,,,,,,,
Corruption,Corruption,,,,,,,,,,,,,,,,,,,,,,,,,,,,,,CancelCorruption,
CreepTumorBuild,BuildCreepTumor,,,,,,,,,,,,,,,,,,,,,,,,,,,,,,CancelCreepTumor,
CritterFlee,CritterFlee,,,,,,,,,,,,,,,,,,,,,,,,,,,,,,,
CyberneticsCoreResearch,UpgradeAirWeapons1,UpgradeAirWeapons2,UpgradeAirWeapons3,UpgradeAirArmor1,UpgradeAirArmor2,UpgradeAirArmor3,ResearchWarpGate,,,ResearchHallucination,,,,,,,,,,,,,,,,,,,,,CancelCyberneticsCoreResearch,
DigesterCreepSpray,CreepSpray,,,,,,,,,,,,,,,,,,,,,,,,,,,,,,,
DigesterTransport,LoadTargetDigester,UnloadAllDigester,UnloadTargetDigester,UnloadUnitDigester,LoadAllDigester,,,,,,,,,,,,,,,,,,,,,,,,,,,
DisguiseAsMarineWithShield,,,,,,,,,,,,,,,,,,,,,,,,,,,,,,,,
DisguiseAsMarineWithoutShield,,,,,,,,,,,,,,,,,,,,,,,,,,,,,,,,
DisguiseAsZealot,,,,,,,,,,,,,,,,,,,,,,,,,,,,,,,,
DisguiseAsZerglingWithWings,,,,,,,,,,,,,,,,,,,,,,,,,,,,,,,,
DisguiseAsZerglingWithoutWings,,,,,,,,,,,,,,,,,,,,,,,,,,,,,,,,
DisguiseChangeling,,,,,,,,,,,,,,,,,,,,,,,,,,,,,,,,
DroneHarvest,Gather,ReturnCargo,,,,,,,,,,,,,,,,,,,,,,,,,,,,,,
EMP,EMPRound,,,,,,,,,,,,,,,,,,,,,,,,,,,,,,,
EngineeringBayResearch,ResearchHiSecAutoTracking,UpgradeStructureArmor,UpgradeTerranInfantryWeapons1,UpgradeTerranInfantryWeapons2,UpgradeTerranInfantryWeapons3,ResearchNeosteelFrame,UpgradeTerranInfantryArmor1,UpgradeTerranInfantryArmor2,UpgradeTerranInfantryArmor3,,,,,,,,,,,,,,,,,,,,,,CancelEngineeringBayResearch,
Explode,Explode,,,,,,,,,,,,,,,,,,,,,,,,,,,,,,,
ExtendingBridgeNEWide10,,,,,,,,,,,,,,,,,,,,,,,,,,,,,,,,
ExtendingBridgeNEWide10Out,,,,,,,,,,,,,,,,,,,,,,,,,,,,,,,,
ExtendingBridgeNEWide12,,,,,,,,,,,,,,,,,,,,,,,,,,,,,,,,
ExtendingBridgeNEWide12Out,,,,,,,,,,,,,,,,,,,,,,,,,,,,,,,,
ExtendingBridgeNEWide8,,,,,,,,,,,,,,,,,,,,,,,,,,,,,,,,
ExtendingBridgeNEWide8Out,,,,,,,,,,,,,,,,,,,,,,,,,,,,,,,,
ExtendingBridgeNWWide10,,,,,,,,,,,,,,,,,,,,,,,,,,,,,,,,
ExtendingBridgeNWWide10Out,,,,,,,,,,,,,,,,,,,,,,,,,,,,,,,,
ExtendingBridgeNWWide12,,,,,,,,,,,,,,,,,,,,,,,,,,,,,,,,
ExtendingBridgeNWWide12Out,,,,,,,,,,,,,,,,,,,,,,,,,,,,,,,,
ExtendingBridgeNWWide8,,,,,,,,,,,,,,,,,,,,,,,,,,,,,,,,
ExtendingBridgeNWWide8Out,,,,,,,,,,,,,,,,,,,,,,,,,,,,,,,,
EyeStalk,EyeStalk,CancelEyeStalk,,,,,,,,,,,,,,,,,,,,,,,,,,,,,,
FactoryAddOns,BuildTechLabFactory,BuildReactorFactory,,,,,,,,,,,,,,,,,,,,,,,,,,,,,CancelFactoryAddOn,
FactoryLand,LandFactory,,,,,,,,,,,,,,,,,,,,,,,,,,,,,,,
FactoryLiftOff,LiftFactory,,,,,,,,,,,,,,,,,,,,,,,,,,,,,,,
FactoryReactorMorph,BuildReactorFactory,,,,,,,,,,,,,,,,,,,,,,,,,,,,,,,
FactoryTechLabMorph,BuildTechLabFactory,,,,,,,,,,,,,,,,,,,,,,,,,,,,,,,
FactoryTechLabResearch,ResearchSiegeTech,ResearchInfernalPreIgniter,Research250mmStrikeCannons,ResearchTransformationServos,ResearchDrillingClaws,,,,,,,,,,,,,,,,,,,,,,,,,,CancelFactoryTechLabResearch,
FactoryTrain,,BuildSiegeTank,,,BuildThor,BuildHellion,BuildBattleHellion,,,,,,BuildWarHound,,,,,,,,,,,,BuildWidowMine,,,,,,CancelFactoryTrain,
Feedback,Feedback,,,,,,,,,,,,,,,,,,,,,,,,,,,,,,,
FighterMode,FighterMode,,,,,,,,,,,,,,,,,,,,,,,,,,,,,,,
FleetBeaconResearch,ResearchFluxVanes,ResearchGravitonCatapult,ResearchAnionPulseCrystals,,ResearchBosonicCore,ResearchGravitySling,,,,,,,,,,,,,,,,,,,,,,,,,CancelFleetBeaconResearch,
FlyerShield,FlyerShield,,,,,,,,,,,,,,,,,,,,,,,,,,,,,,,
ForceField,ForceField,CancelForceField,,,,,,,,,,,,,,,,,,,,,,,,,,,,,,
ForgeResearch,UpgradeGroundWeapons1,UpgradeGroundWeapons2,UpgradeGroundWeapons3,UpgradeGroundArmor1,UpgradeGroundArmor2,UpgradeGroundArmor3,UpgradeShields1,UpgradeShields2,UpgradesShields3,,,,,,,,,,,,,,,,,,,,,,CancelForgeResearch,
Frenzy,Frenzy,,,,,,,,,,,,,,,,,,,,,,,,,,,,,,,
FungalGrowth,FungalGrowth,,,,,,,,,,,,,,,,,,,,,,,,,,,,,,,
FusionCoreResearch,ResearchWeaponRefit,ResearchBehemothReactor,,,,,,,,,,,,,,,,,,,,,,,,,,,,,CancelFusionCoreResearch,
GatewayTrain,TrainZealot,TrainStalker,,TrainHighTemplar,TrainDarkTemplar,TrainSentry,,,,,,,,,,,,,,,,,,,,,,,,,CancelGatewayTrain,
GenerateCreep,GenerateCreep,StopGenerateCreep,,,,,,,,,,,,,,,,,,,,,,,,,,,,,,
GhostAcademyResearch,ResearchPersonalCloaking,ResearchMoebiusReactor,,,,,,,,,,,,,,,,,,,,,,,,,,,,,CancelGhostAcademyResearch,
GhostCloak,CloakGhost,DecloakGhost,,,,,,,,,,,,,,,,,,,,,,,,,,,,,,
GhostHoldFire,HoldFireGhost,,,,,,,,,,,,,,,,,,,,,,,,,,,,,,,
GhostWeaponsFree,GWeaponsFreeGhost,,,,,,,,,,,,,,,,,,,,,,,,,,,,,,,
GravitonBeam,GravitonBeam,CancelGravitonBeam,,,,,,,,,,,,,,,,,,,,,,,,,,,,,,
GuardianShield,GuardianShield,,,,,,,,,,,,,,,,,,,,,,,,,,,,,,,
HallucinationArchon,HallucinateArchon,,,,,,,,,,,,,,,,,,,,,,,,,,,,,,,
HallucinationColossus,HallucinateColossus,,,,,,,,,,,,,,,,,,,,,,,,,,,,,,,
HallucinationHighTemplar,HallucinateHighTemplar,,,,,,,,,,,,,,,,,,,,,,,,,,,,,,,
HallucinationImmortal,HallucinateImmortal,,,,,,,,,,,,,,,,,,,,,,,,,,,,,,,
HallucinationOracle,HallucinateOracle,,,,,,,,,,,,,,,,,,,,,,,,,,,,,,,
HallucinationPhoenix,HallucinatePhoenix,,,,,,,,,,,,,,,,,,,,,,,,,,,,,,,
HallucinationProbe,HallucinateProbe,,,,,,,,,,,,,,,,,,,,,,,,,,,,,,,
HallucinationStalker,HallucinateStalker,,,,,,,,,,,,,,,,,,,,,,,,,,,,,,,
HallucinationVoidRay,HallucinateVoidRay,,,,,,,,,,,,,,,,,,,,,,,,,,,,,,,
HallucinationWarpPrism,HallucinateWarpPrism,,,,,,,,,,,,,,,,,,,,,,,,,,,,,,,
HallucinationZealot,HallucinateZealot,,,,,,,,,,,,,,,,,,,,,,,,,,,,,,,
HangarQueue5,CancelLast,CancelSlot,,,,,,,,,,,,,,,,,,,,,,,,,,,,,,
HerdInteract,Herd,,,,,,,,,,,,,,,,,,,,,,,,,,,,,,,
HoldFire,Stop,HoldFire,Cheer,Dance,,,,,,,,,,,,,,,,,,,,,,,,,,,,
HydraliskDenResearch,,,EvolveGroovedSpines,EvolveMuscularAugments,,,,,,,,,,,,,,,,,,,,,,,,,,,CancelHydraliskDenResearch,
InfestationPitResearch,,,EvolvePathogenGlands,EvolveNeuralParasite,EvolveEnduringLocusts,,,,,,,,,,,,,,,,,,,,,,,,,,CancelInfestationPitResearch,
InfestedTerrans,SpawnInfestedTerran,,,,,,,,,,,,,,,,,,,,,,,,,,,,,,,
InfestedTerransLayEgg,SpawnInfestedTerran,,,,,,,,,,,,,,,,,,,,,,,,,,,,,,,
InvulnerabilityShield,InvulnerabilityShield,,,,,,,,,,,,,,,,,,,,,,,,,,,,,,,
LairResearch,,EvolvePneumatizedCarapace,EvolveVentralSacs,EvolveBurrow,,,,,,,,,,,,,,,,,,,,,,,,,,,CancelLairResearch,
LarvaTrain,MorphDrone,MorphZergling,MorphOverlord,MorphHydralisk,MorphMutalisk,,MorphUltralisk,,,MorphRoach,MorphInfestor,MorphCorruptor,MorphViper,,MorphSwarmHost,,,,,,,,,,,,,,,,CancelLarvaTrain,
Leech,Leech,,,,,,,,,,,,,,,,,,,,,,,,,,,,,,,
LocustTrain,SpawnLocusts,,,,,,,,,,,,,,,,,,,,,,,,,,,,,,,
MULEGather,Gather,ReturnCargo,,,,,,,,,,,,,,,,,,,,,,,,,,,,,,
MULERepair,MULERepair,,,,,,,,,,,,,,,,,,,,,,,,,,,,,,,
MassRecall,MassRecallMothership,,,,,,,,,,,,,,,,,,,,,,,,,,,,,,,
MassiveKnockover,MassiveKnockover,,,,,,,,,,,,,,,,,,,,,,,,,,,,,,,
MaxiumThrust,MaxiumThrust,,,,,,,,,,,,,,,,,,,,,,,,,,,,,,,
MedivacHeal,HealMedivac,,,,,,,,,,,,,,,,,,,,,,,,,,,,,,,
MedivacSpeedBoost,MedivacSpeedBoost,,,,,,,,,,,,,,,,,,,,,,,,,,,,,,,
MedivacTransport,LoadTargetMedivac,UnloadAllMedivac,UnloadTargetMedivac,UnloadUnitMedivac,LoadAllMedivac,,,,,,,,,,,,,,,,,,,,,,,,,,,
MercCompoundResearch,,,,ResearchNitroPacks,,,,,,,,,,,,,,,,,,,,,,,,,,,,
Mergeable,Cancel,,,,,,,,,,,,,,,,,,,,,,,,,,,,,,,
MetalGateDefaultLower,MetalGateDefaultLower,,,,,,,,,,,,,,,,,,,,,,,,,,,,,,,
MetalGateDefaultRaise,MetalGateDefaultRaise,,,,,,,,,,,,,,,,,,,,,,,,,,,,,,,
MorphBackToGateway,TransformToGateway,CancelTransformToGateway,,,,,,,,,,,,,,,,,,,,,,,,,,,,,,
MorphToBroodLord,MorphToBroodLord,CancelMorph,,,,,,,,,,,,,,,,,,,,,,,,,,,,,,
MorphToCollapsibleRockTowerDebris,,,,,,,,,,,,,,,,,,,,,,,,,,,,,,,,
MorphToHellion,StrikeMode,,,,,,,,,,,,,,,,,,,,,,,,,,,,,,,
MorphToHellionTank,BattleMode,,,,,,,,,,,,,,,,,,,,,,,,,,,,,,,
MorphToInfestedTerran,MorphToInfestedTerran,,,,,,,,,,,,,,,,,,,,,,,,,,,,,,,
MorphToMothership,UpgradeToMothership,CancelUpgradeToMothership,,,,,,,,,,,,,,,,,,,,,,,,,,,,,,
MorphToOverseer,MorphToOverseer,CancelMorphToOverseer,,,,,,,,,,,,,,,,,,,,,,,,,,,,,,
MorphToSwarmHostBurrowedMP,BurrowSwarmHost,,,,,,,,,,,,,,,,,,,,,,,,,,,,,,,
MorphToSwarmHostMP,UnburrowSwarmHost,,,,,,,,,,,,,,,,,,,,,,,,,,,,,,,
MorphZerglingToBaneling,MorphToBaneling,CancelMorphToBaneling,,,,,,,,,,,,,,,,,,,,,,,,,,,,,,
MothershipCoreEnergize,Energize,CancelEnergize,,,,,,,,,,,,,,,,,,,,,,,,,,,,,,
MothershipCoreMassRecall,MassRecallMothershipCore,,,,,,,,,,,,,,,,,,,,,,,,,,,,,,,
MothershipCoreTeleport,Teleport,,,,,,,,,,,,,,,,,,,,,,,,,,,,,,,
MothershipCoreWeapon,Purify,,,,,,,,,,,,,,,,,,,,,,,,,,,,,,,
MothershipStasis,Stasis,CancelStasis,,,,,,,,,,,,,,,,,,,,,,,,,,,,,,
NeuralParasite,InfestorNeuralParasite,,,,,,,,,,,,,,,,,,,,,,,,,,,,,,,
NexusInvulnerability,InvulnerabilityNexus,,,,,,,,,,,,,,,,,,,,,,,,,,,,,,,
NexusPhaseShift,PhaseShiftNexus,,,,,,,,,,,,,,,,,,,,,,,,,,,,,,,
NexusTrain,TrainProbe,,,,,,,,,,,,,,,,,,,,,,,,,,,,,,CancelTrainProbe,
NexusTrainMothership,TrainMothership,,,,,,,,,,,,,,,,,,,,,,,,,,,,,,CancelTrainMothership,
NexusTrainMothershipCore,TrainMothershipCore,,,,,,,,,,,,,,,,,,,,,,,,,,,,,,CancelTrainMothershipCore,
NydusCanalTransport,LoadTargetNydus,UnloadAllNydus,UnloadTargetNydus,UnloadUnitNydus,LoadAllNydus,,,,,,,,,,,,,,,,,,,,,,,,,,,
OracleCloakField,CloakField,,,,,,,,,,,,,,,,,,,,,,,,,,,,,,,
OracleNormalMode,FlightMode,,,,,,,,,,,,,,,,,,,,,,,,,,,,,,,
OracleRevelation,Revelation,,,,,,,,,,,,,,,,,,,,,,,,,,,,,,,
OracleRevelationMode,RevelationMode,,,,,,,,,,,,,,,,,,,,,,,,,,,,,,,
OrbitalCommandLand,LandOrbitalCommand,,,,,,,,,,,,,,,,,,,,,,,,,,,,,,,
OrbitalLiftOff,LiftOrbitalCommand,,,,,,,,,,,,,,,,,,,,,,,,,,,,,,,
OverlordTransport,LoadTargetOverlord,UnloadAllOverlord,UnloadTargetOverlord,UnloadUnitOverlord,LoadAllOverlord,,,,,,,,,,,,,,,,,,,,,,,,,,,
PhaseShield,,,,,,,,,,,,,,,,,,,,,,,,,,,,,,,,
PhaseShift,PhaseShiftNexus,,,,,,,,,,,,,,,,,,,,,,,,,,,,,,,
PhasingMode,PhasingMode,,,,,,,,,,,,,,,,,,,,,,,,,,,,,,,
PickupPalletGas,PickupPalletGas,,,,,,,,,,,,,,,,,,,,,,,,,,,,,,,
PickupPalletMinerals,PickupPalletMinerals,,,,,,,,,,,,,,,,,,,,,,,,,,,,,,,
PickupScrapLarge,PickupScrapLarge,,,,,,,,,,,,,,,,,,,,,,,,,,,,,,,
PickupScrapMedium,PickupScrapMedium,,,,,,,,,,,,,,,,,,,,,,,,,,,,,,,
PickupScrapSmall,PickupScrapSmall,,,,,,,,,,,,,,,,,,,,,,,,,,,,,,,
PlacePointDefenseDrone,BuildPointDefenseDrone,,,,,,,,,,,,,,,,,,,,,,,,,,,,,,,
ProbeHarvest,Gather,ReturnCargo,,,,,,,,,,,,,,,,,,,,,,,,,,,,,,
ProgressRally,SetRallyPoint,SetRallyPointExtra1,SetRallyPointExtra2,,,,,,,,,,,,,,,,,,,,,,,,,,,,,
ProtossBuild,BuildNexus,BuildPylon,BuildAssimilator,BuildGateway,BuildForge,BuildFleetBeacon,BuildTwilightCouncil,BuildPhotonCannon,,BuildStargate,BuildTemplarArchive,BuildDarkShrine,BuildRoboticsBay,BuildRoboticsFacility,BuildCyberneticsCore,,,,,,,,,,,,,,,,CancelProtossBuild,
ProtossBuildingQueue,CancelLast,CancelSlot,,,,,,,,,,,,,,,,,,,,,,,,,,,,,,
PsiStorm,PsionicStorm,,,,,,,,,,,,,,,,,,,,,,,,,,,,,,,
QueenBuild,CreepTumor,,,,,,,,,,,,,,,,,,,,,,,,,,,,,,CancelCreepTumor,
QueenFly,QueenFly,,,,,,,,,,,,,,,,,,,,,,,,,,,,,,,
QueenLand,QueenLand,,,,,,,,,,,,,,,,,,,,,,,,,,,,,,,
Rally,SetRallyPoint,SetRallyPointExtra1,SetRallyPointExtra2,,,,,,,,,,,,,,,,,,,,,,,,,,,,,
RallyCommand,SetWorkerRally,,,,,,,,,,,,,,,,,,,,,,,,,,,,,,,
RallyHatchery,SetUnitRally,SetWorkerRally,,,,,,,,,,,,,,,,,,,,,,,,,,,,,,
RallyNexus,SetWorkerRally,,,,,,,,,,,,,,,,,,,,,,,,,,,,,,,
RavenBuild,BuildAutoTurret,,,,,,,,,,,,,,,,,,,,,,,,,,,,,,CancelRavenBuild,
ReactorMorph,ReactorMorph,,,,,,,,,,,,,,,,,,,,,,,,,,,,,,,
RedstoneLavaCritterBurrow,BurrowRedstoneLavaCritter,,,,,,,,,,,,,,,,,,,,,,,,,,,,,,,
RedstoneLavaCritterInjuredBurrow,BurrowRedstoneLavaCritterInjured,,,,,,,,,,,,,,,,,,,,,,,,,,,,,,,
RedstoneLavaCritterInjuredUnburrow,UnburrowRedstoneLavaCritterInjured,,,,,,,,,,,,,,,,,,,,,,,,,,,,,,,
RedstoneLavaCritterUnburrow,UnburrowRedstoneLavaCritter,,,,,,,,,,,,,,,,,,,,,,,,,,,,,,,
Refund,Salvage,,,,,,,,,,,,,,,,,,,,,,,,,,,,,,,
Repair,SCVRepair,,,,,,,,,,,,,,,,,,,,,,,,,,,,,,,
ResourceBlocker,MineralShield,,,,,,,,,,,,,,,,,,,,,,,,,,,,,,,
ResourceStun,Entomb,,,,,,,,,,,,,,,,,,,,,,,,,,,,,,,
RestoreShields,RestoreShields,,,,,,,,,,,,,,,,,,,,,,,,,,,,,,,
ReviveSelf,,,,,,,,,,,,,,,,,,,,,,,,,,,,,,,,
ReviveSelfAtTarget,,,,,,,,,,,,,,,,,,,,,,,,,,,,,,,,
ReviveSelfOnCreep,,,,,,,,,,,,,,,,,,,,,,,,,,,,,,,,
ReviveSelfReplaceTarget,,,,,,,,,,,,,,,,,,,,,,,,,,,,,,,,
RoachWarrenResearch,,EvolveGlialReconstitution,EvolveTunnelingClaws,,,,,,,,,,,,,,,,,,,,,,,,,,,,CancelRoachWarrenResearch,
RoboticsBayResearch,,ResearchGraviticBoosters,ResearchGraviticDrive,,,ResearchExtendedThermalLance,,,,,,,,,,,,,,,,,,,,,,,,,CancelRoboticsBayResearch,
RoboticsFacilityTrain,TrainWarpPrism,TrainObserver,TrainColossus,TrainImmortal,,,,,,,,,,,,,,,,,,,,,,,,,,,CancelRoboticsFacilityTrain,
SCVHarvest,Gather,ReturnCargo,,,,,,,,,,,,,,,,,,,,,,,,,,,,,,
Sacrifice,Sacrifice,,,,,,,,,,,,,,,,,,,,,,,,,,,,,,,
Salvage,Salvage,,,,,,,,,,,,,,,,,,,,,,,,,,,,,,,
SalvageBaneling,SalvageBaneling,,,,,,,,,,,,,,,,,,,,,,,,,,,,,,,
SalvageBanelingRefund,SalvageBanelingRefund,,,,,,,,,,,,,,,,,,,,,,,,,,,,,,,
SalvageBunker,SalvageBunker,,,,,,,,,,,,,,,,,,,,,,,,,,,,,,,
SalvageBunkerRefund,SalvageBunkerRefund,,,,,,,,,,,,,,,,,,,,,,,,,,,,,,,
SalvageDrone,SalvageDrone,,,,,,,,,,,,,,,,,,,,,,,,,,,,,,,
SalvageDroneRefund,SalvageDroneRefund,,,,,,,,,,,,,,,,,,,,,,,,,,,,,,,
SalvageHydralisk,SalvageHydralisk,,,,,,,,,,,,,,,,,,,,,,,,,,,,,,,
SalvageHydraliskRefund,SalvageHydraliskRefund,,,,,,,,,,,,,,,,,,,,,,,,,,,,,,,
SalvageInfestor,SalvageInfestor,,,,,,,,,,,,,,,,,,,,,,,,,,,,,,,
SalvageInfestorRefund,SalvageInfestorRefund,SalvageInfestorRefund,,,,,,,,,,,,,,,,,,,,,,,,,,,,,,,
SalvageQueen,SalvageQueen,,,,,,,,,,,,,,,,,,,,,,,,,,,,,,,
SalvageQueenRefund,SalvageQueenRefund,,,,,,,,,,,,,,,,,,,,,,,,,,,,,,,
SalvageRoach,SalvageRoach,,,,,,,,,,,,,,,,,,,,,,,,,,,,,,,
SalvageRoachRefund,SalvageRoachRefund,,,,,,,,,,,,,,,,,,,,,,,,,,,,,,,
SalvageShared,SalvageShared,,,,,,,,,,,,,,,,,,,,,,,,,,,,,,,
SalvageSwarmHost,SalvageSwarmHost,,,,,,,,,,,,,,,,,,,,,,,,,,,,,,,
SalvageSwarmHostRefund,SalvageSwarmHostRefund,,,,,,,,,,,,,,,,,,,,,,,,,,,,,,,
SalvageUltralisk,SalvageUltralisk,,,,,,,,,,,,,,,,,,,,,,,,,,,,,,,
SalvageUltraliskRefund,SalvageUltraliskRefund,,,,,,,,,,,,,,,,,,,,,,,,,,,,,,,
SalvageZergling,SalvageZergling,,,,,,,,,,,,,,,,,,,,,,,,,,,,,,,
SalvageZerglingRefund,SalvageZerglingRefund,,,,,,,,,,,,,,,,,,,,,,,,,,,,,,,
SapStructure,SapStructureBaneling,,,,,,,,,,,,,,,,,,,,,,,,,,,,,,,
ScannerSweep,ScannerSweep,,,,,,,,,,,,,,,,,,,,,,,,,,,,,,,
Scryer,Preordain,,,,,,,,,,,,,,,,,,,,,,,,,,,,,,,
SeekerMissile,SeekerMissile,,,,,,,,,,,,,,,,,,,,,,,,,,,,,,,
Shatter,Shatter,,,,,,,,,,,,,,,,,,,,,,,,,,,,,,,
SiegeMode,SiegeMode,,,,,,,,,,,,,,,,,,,,,,,,,,,,,,,
SingleRecall,SingleRecall,,,,,,,,,,,,,,,,,,,,,,,,,,,,,,,
Siphon,SiphonLife,CancelSiphonLife,,,,,,,,,,,,,,,,,,,,,,,,,,,,,,
Snipe,SniperRound,,,,,,,,,,,,,,,,,,,,,,,,,,,,,,,
SnipeDoT,SnipeDoT,,,,,,,,,,,,,,,,,,,,,,,,,,,,,,,
SpawnChangeling,SpawnChangeling,,,,,,,,,,,,,,,,,,,,,,,,,,,,,,,
SpawnChangelingTarget,SpawnChangelingTarget,,,,,,,,,,,,,,,,,,,,,,,,,,,,,,,
SpawnInfestedTerran,SpawnLocusts,,,,,,,,,,,,,,,,,,,,,,,,,,,,,,,
SpawnLarva,SpawnLarva,,,,,,,,,,,,,,,,,,,,,,,,,,,,,,,
SpawningPoolResearch,EvolveAdrenalGlands,EvolveMetabolicBoost,,,,,,,,,,,,,,,,,,,,,,,,,,,,,CancelSpawningPoolResearch,
SpectreShield,SpectreShield,,,,,,,,,,,,,,,,,,,,,,,,,,,,,,,
SpineCrawlerRoot,RootSpineCrawler,CancelRootSpineCrawler,,,,,,,,,,,,,,,,,,,,,,,,,,,,,,
SpineCrawlerUproot,UprootSpineCrawler,CancelUprootSpineCrawler,,,,,,,,,,,,,,,,,,,,,,,,,,,,,,
SpireResearch,EvolveFlyerAttacks1,EvolveFlyerAttacks2,EvolveFlyerAttacks3,EvolveFlyerCarapace1,EvolveFlyerCarapace2,EvolveFlyerCarapace3,,,,,,,,,,,,,,,,,,,,,,,,,CancelSpireResearch,
SporeCrawlerRoot,RootSporeCrawler,,,,,,,,,,,,,,,,,,,,,,,,,,,,,,CancelRootSporeCrawler,
SporeCrawlerUproot,UprootSporeCrawler,,,,,,,,,,,,,,,,,,,,,,,,,,,,,,CancelUprootSporeCrawler,
StargateTrain,TrainPhoenix,TrainCarrier,TrainCarrier,,TrainVoidRay,,,,TrainOracle,TrainTempest,,,,,,,,,,,,,,,,,,,,,CancelStargateTrain,
StarportAddOns,BuildTechLabStarport,BuildReactorStarport,,,,,,,,,,,,,,,,,,,,,,,,,,,,,CancelStarportAddon,
StarportLand,LandStarport,,,,,,,,,,,,,,,,,,,,,,,,,,,,,,,
StarportLiftOff,LiftStarport,,,,,,,,,,,,,,,,,,,,,,,,,,,,,,,
StarportReactorMorph,StarportReactorMorph,,,,,,,,,,,,,,,,,,,,,,,,,,,,,,,
StarportTechLabMorph,StarportTechLabMorph,,,,,,,,,,,,,,,,,,,,,,,,,,,,,,,
StarportTechLabResearch,ResearchCloakingField,,ResearchCaduceusReactor,ResearchCorvidReactor,,,ResearchSeekerMissile,ResearchDurableMaterials,,,,,,,,,,,,,,,,,,,,,,,CancelStarportTechLabResearch,
StarportTrain,TrainMedivac,TrainBanshee,TrainRaven,TrainBattlecruiser,TrainViking,,,,,,,,,,,,,,,,,,,,,,,,,,CancelStarportTrain,
Stimpack,UseStimpack,,,,,,,,,,,,,,,,,,,,,,,,,,,,,,,
StimpackMarauder,UseStimpack,,,,,,,,,,,,,,,,,,,,,,,,,,,,,,,
StimpackMarauderRedirect,,,,,,,,,,,,,,,,,,,,,,,,,,,,,,,,
StimpackRedirect,,,,,,,,,,,,,,,,,,,,,,,,,,,,,,,,
StopRedirect,,,,,,,,,,,,,,,,,,,,,,,,,,,,,,,,
SupplyDepotLower,LowerSupplyDepot,,,,,,,,,,,,,,,,,,,,,,,,,,,,,,,
SupplyDepotRaise,RaiseSupplyDepot,,,,,,,,,,,,,,,,,,,,,,,,,,,,,,,
SupplyDrop,ExtraSupplies,,,,,,,,,,,,,,,,,,,,,,,,,,,,,,,
SwarmHostSpawnLocusts,SpawnLocusts,,,,,,,,,,,,,,,,,,,,,,,,,,,,,,,
TacNukeStrike,TacticalNukeStrike,CancelTacticalNukeStrike,,,,,,,,,,,,,,,,,,,,,,,,,,,,,,
Taunt,Taunt,,,,,,,,,,,,,,,,,,,,,,,,,,,,,,,
TechLabMorph,TechLabMorph,,,,,,,,,,,,,,,,,,,,,,,,,,,,,,,
TemplarArchivesResearch,ResearchKhaydarinAmulet,,,,ResearchPsiStorm,,,,,,,,,,,,,,,,,,,,,,,,,,CancelTemplarArchivesResearch,
TemporalRift,TemporalRift,,,,,,,,,,,,,,,,,,,,,,,,,,,,,,,
TerranAddOns,BuildTechLab,BuildReactor,,,,,,,,,,,,,,,,,,,,,,,,,,,,,CancelBuilding,
TerranBuild,BuildCommandCenter,BuildSupplyDepot,BuildRefinery,BuildBarracks,BuildEngineeringBay,BuildMissileTurret,BuildBunker,,BuildSensorTower,BuildGhostAcademy,BuildFactory,BuildStarport,,BuildArmory,,BuildFusionCore,,,,,,,,,,,,,,,CancelTerranBuilding,
TerranBuildingLand,LandTerranBuilding,,,,,,,,,,,,,,,,,,,,,,,,,,,,,,,
TerranBuildingLiftOff,LiftTerranBuilding,,,,,,,,,,,,,,,,,,,,,,,,,,,,,,,
TestZerg,TestZerg,CancelTestZerg,,,,,,,,,,,,,,,,,,,,,,,,,,,,,,
TimeWarp,ChronoBoost,,,,,,,,,,,,,,,,,,,,,,,,,,,,,,,
TornadoMissile,HaywireMissiles,,,,,,,,,,,,,,,,,,,,,,,,,,,,,,,
TowerCapture,TowerCapture,,,,,,,,,,,,,,,,,,,,,,,,,,,,,,,
TrainQueen,TrainQueen,,,,,,,,,,,,,,,,,,,,,,,,,,,,,,CancelTrainQueen,
Transfusion,QueenTransfusion,,,,,,,,,,,,,,,,,,,,,,,,,,,,,,,
TransportMode,TransportMode,,,,,,,,,,,,,,,,,,,,,,,,,,,,,,,
TwilightCouncilResearch,ResearchCharge,ResearchBlink,,,,,,,,,,,,,,,,,,,,,,,,,,,,,CancelTwilightCouncilResearch,
UltraliskCavernResearch,,,EvolveChitinousPlating,EvolveBurrowCharge,,,,,,,,,,,,,,,,,,,,,,,,,,,CancelUltraliskCavernResearch,
UltraliskWeaponCooldown,,,,,,,,,,,,,,,,,,,,,,,,,,,,,,,,
Unsiege,TankMode,,,,,,,,,,,,,,,,,,,,,,,,,,,,,,,
UpgradeToGreaterSpire,MorphToGreaterSpire,CancelMorphToGreaterSpire,,,,,,,,,,,,,,,,,,,,,,,,,,,,,,
UpgradeToHive,UpgradeToHive,CancelUpgradeToHive,,,,,,,,,,,,,,,,,,,,,,,,,,,,,,
UpgradeToLair,UpgradeToLair,CancelUpgradeToLair,,,,,,,,,,,,,,,,,,,,,,,,,,,,,,
UpgradeToOrbital,UpgradeToOrbitalCommand,CancelUpgradeToOrbitalCommand,,,,,,,,,,,,,,,,,,,,,,,,,,,,,,
UpgradeToPlanetaryFortress,UpgradeToPlanetaryFortress,CancelUpgradeToPlanetaryFortress,,,,,,,,,,,,,,,,,,,,,,,,,,,,,,
UpgradeToWarpGate,TransformToWarpGate,CancelTransformToWarpGate,,,,,,,,,,,,,,,,,,,,,,,,,,,,,,
ViperConsumeStructure,Consume,,,,,,,,,,,,,,,,,,,,,,,,,,,,,,,
VolatileBurstBuilding,DisableVolatileBurst,EnableVolatileBurst,,,,,,,,,,,,,,,,,,,,,,,,,,,,,,
Vortex,Vortex,,,,,,,,,,,,,,,,,,,,,,,,,,,,,,,
WarpGateTrain,WarpInZealot,WarpInStalker,,WarpInHighTemplar,WarpInDarkTemplar,WarpInSentry,,,,,,,,,,,,,,,,,,,,,,,,,CancelWarpIn,
WarpPrismTransport,LoadTarget,UnloadAllWarpPrism,UnloadTargetWarpPrism,UnloadUnitWarpPrism,LoadAllWarpPrism,,,,,,,,,,,,,,,,,,,,,,,,,,,
Warpable,CancelWarpIn,,,,,,,,,,,,,,,,,,,,,,,,,,,,,,,
WidowMineAttack,AttackWidowMine,,,,,,,,,,,,,,,,,,,,,,,,,,,,,,,
WidowMineBurrow,BurrowWidowMine,,,,,,,,,,,,,,,,,,,,,,,,,,,,,,,
WidowMineUnburrow,UnburrowWidowMine,,,,,,,,,,,,,,,,,,,,,,,,,,,,,,,
WormholeTransit,WormholeTransit,,,,,,,,,,,,,,,,,,,,,,,,,,,,,,,
XelNagaHealingShrine,XelNagaHealingShrine,,,,,,,,,,,,,,,,,,,,,,,,,,,,,,,
Yamato,YamatoGun,,,,,,,,,,,,,,,,,,,,,,,,,,,,,,,
Yoink,Abduct,,,,,,,,,,,,,,,,,,,,,,,,,,,,,,,
ZergBuild,BuildHatchery,CreepTumor,BuildExtractor,BuildSpawningPool,BuildEvolutionChamber,BuildHydraliskDen,BuildSpire,BuildUltraliskCavern,BuildInfestationPit,BuildNydusNetwork,BuildBanelingNest,,,BuildRoachWarren,BuildSpineCrawler,BuildSporeCrawler,,,,,Digester,,,,,,,,,,CancelZergBuild,
attack,Attack,,,,,,,,,,,,,,,,,,,,,,,,,,,,,,,
attackProtossBuilding,Attack,,,,,,,,,,,,,,,,,,,,,,,,,,,,,,,
burrowedBanelingStop,Stop,HoldFire,Cheer,Dance,,,,,,,,,,,,,,,,,,,,,,,,,,,,
burrowedStop,Stop,HoldFire,Cheer,Dance,,,,,,,,,,,,,,,,,,,,,,,,,,,,
evolutionchamberresearch,EvolveMeleeAttacks1,EvolveMeleeAttacks2,EvolveMeleeAttacks3,EvolveGroundCarapace1,EvolveGroundCarapace2,EvolveGroundCarapace3,EvolveMissileAttacks1,EvolveMissileAttacks2,EvolveMissileAttacks3,,,,,,,,,,,,,,,,,,,,,,CancelEvolutionChamberResearch,
move,Move,Patrol,HoldPosition,ScanMove,Turn,,,,,,,,,,,,,,,,,,,,,,,,,,,
que1,CancelLast,CancelSlot,,,,,,,,,,,,,,,,,,,,,,,,,,,,,,
que5,CancelLast,CancelSlot,,,,,,,,,,,,,,,,,,,,,,,,,,,,,,
que5Addon,CancelLast,CancelSlot,,,,,,,,,,,,,,,,,,,,,,,,,,,,,,
que5CancelToSelection,CancelLast,CancelSlot,,,,,,,,,,,,,,,,,,,,,,,,,,,,,,
que5LongBlend,CancelLast,CancelSlot,,,,,,,,,,,,,,,,,,,,,,,,,,,,,,
que5Passive,CancelLast,CancelSlot,,,,,,,,,,,,,,,,,,,,,,,,,,,,,,
que5PassiveCancelToSelection,CancelLast,CancelSlot,,,,,,,,,,,,,,,,,,,,,,,,,,,,,,
que8,CancelLast,CancelSlot,,,,,,,,,,,,,,,,,,,,,,,,,,,,,,
stop,Stop,HoldFire,Cheer,Dance,,,,,,,,,,,,,,,,,,,,,,,,,,,,
stopProtossBuilding,Stop,HoldFire,Cheer,Dance,,,,,,,,,,,,,,,,,,,,,,,,,,,,
CAbil,CAbil,,,,,,,,,,,,,,,,,,,,,,,,,,,,,,,
MorphToCollapsibleTerranTowerDebris,MorphToCollapsibleTerranTowerDebris,,,,,,,,,,,,,,,,,,,,,,,,,,,,,,,
MorphToCollapsibleTerranTowerDebrisRampLeft,MorphToCollapsibleTerranTowerDebrisRampLeft,,,,,,,,,,,,,,,,,,,,,,,,,,,,,,,
MorphToCollapsibleTerranTowerDebrisRampRight,MorphToCollapsibleTerranTowerDebrisRampRight,,,,,,,,,,,,,,,,,,,,,,,,,,,,,,,
LeechResources,LeechResources,,,,,,,,,,,,,,,,,,,,,,,,,,,,,,,
BlindingCloud,BlindingCloud,,,,,,,,,,,,,,,,,,,,,,,,,,,,,,,
ViperConsume,ViperConsume,,,,,,,,,,,,,,,,,,,,,,,,,,,,,,,
ViperConsumeMinerals,ViperConsumeMinerals,,,,,,,,,,,,,,,,,,,,,,,,,,,,,,,
LurkerAspectMPFromHydraliskBurrowed,LurkerAspectMPFromHydraliskBurrowed,,,,,,,,,,,,,,,,,,,,,,,,,,,,,,,
LurkerAspectMP,LurkerAspect,,,,,,,,,,,,,,,,,,,,,,,,,,,,,,,
BurrowLurkerMPDown,BurrowLurker,,,,,,,,,,,,,,,,,,,,,,,,,,,,,,,
BurrowLurkerMPUp,UnburrowLurker,,,,,,,,,,,,,,,,,,,,,,,,,,,,,,,
UpgradeToLurkerDenMP,UpgradeToLurkerDenMP,,,,,,,,,,,,,,,,,,,,,,,,,,,,,,,
MorphToCollapsibleRockTowerDebrisRampRight,MorphToCollapsibleRockTowerDebrisRampRight,,,,,,,,,,,,,,,,,,,,,,,,,,,,,,,
MorphToCollapsibleRockTowerDebrisRampLeft,MorphToCollapsibleRockTowerDebrisRampLeft,,,,,,,,,,,,,,,,,,,,,,,,,,,,,,,
VoidSiphon,VoidSiphon,,,,,,,,,,,,,,,,,,,,,,,,,,,,,,,
MothershipCorePurifyNexusCancel,MothershipCorePurifyNexusCancel,,,,,,,,,,,,,,,,,,,,,,,,,,,,,,,
MothershipCorePurifyNexus,MothershipCorePurifyNexus,,,,,,,,,,,,,,,,,,,,,,,,,,,,,,,
TemporalField,TemporalField,,,,,,,,,,,,,,,,,,,,,,,,,,,,,,,
ArmoryResearchSwarm,,,,VehicleAndShipPlating1,VehicleAndShipPlating2,VehicleAndShipPlating3,,,,,,,,,,,,,,,,,,,,,,,,,CancelArmoryResearch,
ArmorpiercingMissiles,ArmorpiercingMissiles,,,,,,,,,,,,,,,,,,,,,,,,,,,,,,,
ExplosiveMissiles,ExplosiveMissiles,,,,,,,,,,,,,,,,,,,,,,,,,,,,,,,
LightofAiur,Envision,,,,,,,,,,,,,,,,,,,,,,,,,,,,,,,
MothershipMassRecall,MothershipMassRecall,,,,,,,,,,,,,,,,,,,,,,,,,,,,,,,
OracleWeapon,OracleWeapon,OracleWeaponOff,,,,,,,,,,,,,,,,,,,,,,,,,,,,,,
PulsarBeam,PulsarBeam,,,,,,,,,,,,,,,,,,,,,,,,,,,,,,,
PulsarCannon,PulsarCannon,,,,,,,,,,,,,,,,,,,,,,,,,,,,,,,
VoidRaySwarmDamageBoost,PrismaticAlignment,,,,,,,,,,,,,,,,,,,,,,,,,,,,,,,
SeekerDummyChannel,SeekerDummyChannel,,,,,,,,,,,,,,,,,,,,,,,,,,,,,,,