{
  "attributes": {
    "0500": [
      "Controller",
      {
        "Clsd": "Closed",
        "Comp": "Computer",
        "Humn": "User",
        "Open": "Open"
      }
    ],
    "1000": [
      "Rules",
      {
        "Dflt": "Default"
      }
    ],
    "1001": [
      "Premade Game",
      {
        "no": "No",
        "yes": "Yes"
      }
    ],
    "2000": [
      "Teams",
      {
        "Cust": "Custom Teams",
        "FFA": "Free For All",
        "t1": "1 Team",
        "t10": "10 Teams",
        "t11": "11 Teams",
        "t2": "2 Teams",
        "t3": "3 Teams",
        "t4": "4 Teams",
        "t5": "5 Teams",
        "t6": "6 Teams",
        "t7": "7 Teams",
        "t8": "8 Teams",
        "t9": "9 Teams"
      }
    ],
    "2001": [
      "Teams",
      {
        "1v1": "1v1",
        "2v2": "2v2",
        "3v3": "3v3",
        "4v4": "4v4",
        "5v5": "5v5",
        "6v6": "6v6",
        "FFA": "FFA"
      }
    ],
    "2002": [
      "Teams1v1",
      {
        "T1": "Team 1",
        "T2": "Team 2"
      }
    ],
    "2003": [
      "Teams2v2",
      {
        "T1": "Team 1",
        "T2": "Team 2"
      }
    ],
    "2004": [
      "Teams3v3",
      {
        "T1": "Team 1",
        "T2": "Team 2"
      }
    ],
    "2005": [
      "Teams4v4",
      {
        "T1": "Team 1",
        "T2": "Team 2"
      }
    ],
    "2006": [
      "TeamsFFA",
      {
        "T1": "Team 1",
        "T10": "Team 10",
        "T11": "Team 11",
        "T12": "Team 12",
        "T13": "Team 13",
        "T14": "Team 14",
        "T15": "Team 15",
        "T2": "Team 2",
        "T3": "Team 3",
        "T4": "Team 4",
        "T5": "Team 5",
        "T6": "Team 6",
        "T7": "Team 7",
        "T8": "Team 8",
        "T9": "Team 9"
      }
    ],
    "2007": [
      "Teams5v5",
      {
        "T1": "Team 1",
        "T2": "Team 2"
      }
    ],
    "2008": [
      "Teams6v6",
      {
        "T1": "Team 1",
        "T2": "Team 2"
      }
    ],
    "2010": [
      "Team",
      {
        "T1": "Team 1"
      }
    ],
    "2011": [
      "Teams7v7",
      {
        "T1": "Team 1",
        "T2": "Team 2"
      }
    ],
    "2012": [
      "Team",
      {
        "T1": "Team 1",
        "T2": "Team 2",
        "T3": "Team 3"
      }
    ],
    "2013": [
      "Team",
      {
        "T1": "Team 1",
        "T2": "Team 2",
        "T3": "Team 3",
        "T4": "Team 4"
      }
    ],
    "2014": [
      "Team",
      {
        "T1": "Team 1",
        "T2": "Team 2",
        "T3": "Team 3",
        "T4": "Team 4",
        "T5": "Team 5"
      }
    ],
    "2015": [
      "Team",
      {
        "T1": "Team 1",
        "T2": "Team 2",
        "T3": "Team 3",
        "T4": "Team 4",
        "T5": "Team 5",
        "T6": "Team 6"
      }
    ],
    "2016": [
      "Team",
      {
        "T1": "Team 1",
        "T2": "Team 2",
        "T3": "Team 3",
        "T4": "Team 4",
        "T5": "Team 5",
        "T6": "Team 6",
        "T7": "Team 7"
      }
    ],
    "2017": [
      "Team",
      {
        "T1": "Team 1",
        "T10": "Team 10",
        "T11": "Team 11",
        "T12": "Team 12",
        "T13": "Team 13",
        "T14": "Team 14",
        "T15": "Team 15",
        "T2": "Team 2",
        "T3": "Team 3",
        "T4": "Team 4",
        "T5": "Team 5",
        "T6": "Team 6",
        "T7": "Team 7",
        "T8": "Team 8",
        "T9": "Team 9"
      }
    ],
    "2018": [
      "Team",
      {
        "T1": "Team 1",
        "T10": "Team 10",
        "T11": "Team 11",
        "T12": "Team 12",
        "T13": "Team 13",
        "T14": "Team 14",
        "T15": "Team 15",
        "T2": "Team 2",
        "T3": "Team 3",
        "T4": "Team 4",
        "T5": "Team 5",
        "T6": "Team 6",
        "T7": "Team 7",
        "T8": "Team 8",
        "T9": "Team 9"
      }
    ],
    "2019": [
      "Team",
      {
        "T1": "Team 1",
        "T2": "Team 2",
        "T3": "Team 3",
        "T4": "Team 4",
        "T5": "Team 5",
        "T6": "Team 6",
        "T7": "Team 7",
        "T8": "Team 8"
      }
    ],
    "2020": [
      "Team",
      {
        "T1": "Team 1",
        "T2": "Team 2",
        "T3": "Team 3",
        "T4": "Team 4",
        "T5": "Team 5",
        "T6": "Team 6",
        "T7": "Team 7",
        "T8": "Team 8",
        "T9": "Team 9"
      }
    ],
    "2021": [
      "Team",
      {
        "T1": "Team 1",
        "T10": "Team 10",
        "T2": "Team 2",
        "T3": "Team 3",
        "T4": "Team 4",
        "T5": "Team 5",
        "T6": "Team 6",
        "T7": "Team 7",
        "T8": "Team 8",
        "T9": "Team 9"
      }
    ],
    "2022": [
      "Team",
      {
        "T1": "Team 1",
        "T10": "Team 10",
        "T11": "Team 11",
        "T2": "Team 2",
        "T3": "Team 3",
        "T4": "Team 4",
        "T5": "Team 5",
        "T6": "Team 6",
        "T7": "Team 7",
        "T8": "Team 8",
        "T9": "Team 9"
      }
    ],
    "3000": [
      "Game Speed",
      {
        "Fasr": "Faster",
        "Fast": "Fast",
        "Norm": "Normal",
        "Slor": "Slower",
        "Slow": "Slow"
      }
    ],
    "3001": [
      "Race",
      {
        "Prot": "Protoss",
        "RAND": "Random",
        "Terr": "Terran",
        "Zerg": "Zerg"
      }
    ],
    "3002": [
      "Color",
      {
        "tc01": "Red",
        "tc02": "Blue",
        "tc03": "Teal",
        "tc04": "Purple",
        "tc05": "Yellow",
        "tc06": "Orange",
        "tc07": "Green",
        "tc08": "Light Pink",
        "tc09": "Violet",
        "tc10": "Light Grey",
        "tc11": "Dark Green",
        "tc12": "Brown",
        "tc13": "Light Green",
        "tc14": "Dark Grey",
        "tc15": "Pink",
        "tc16": "??"
      }
    ],
    "3003": [
      "Handicap",
      {
        "100": "100%",
        "50": "50%",
        "60": "60%",
        "70": "70%",
        "80": "80%",
        "90": "90%"
      }
    ],
    "3004": [
      "Difficulty",
      {
        "ChRe": "Cheater 2 (Resources)",
        "ChVi": "Cheater 1 (Vision)",
        "Easy": "Easy",
        "Hard": "Harder",
        "HdVH": "Very Hard",
        "Insa": "Insane",
        "MdHd": "Hard",
        "Medi": "Medium",
        "VyEy": "Very Easy",
        "VyHd": "Elite"
      }
    ],
    "3006": [
      "Lobby Delay",
      {
        "10": "10",
        "15": "15",
        "20": "20",
        "25": "25",
        "3": "3",
        "30": "30",
        "5": "5",
        "7": "7"
      }
    ],
    "3007": [
      "Participant Role",
      {
        "Part": "Participant",
        "Watc": "Observer"
      }
    ],
    "3008": [
      "Observer Type",
      {
        "Obs": "Spectator",
        "Ref": "Referee"
      }
    ],
    "3009": [
      "Game Mode",
      {
        "": "Single Player",
        "Amm": "Ladder",
        "Priv": "Private",
        "Pub": "Public"
      }
    ],
    "3010": [
      "Locked Alliances",
      {
        "no": "No",
        "yes": "Yes"
      }
    ],
    "3102": [
      "AI Build",
      {
        "AB00": "Any Build",
        "AB02": "Full Rush",
        "AB03": "Timing Attack",
        "AB04": "Aggressive Push",
        "AB05": "Economic Focus",
        "AB06": "Straight to Air"
      }
    ],
    "3103": [
      "AI Build",
      {
        "AB00": "Any Build",
        "AB02": "Full Rush",
        "AB03": "Timing Attack",
        "AB04": "Aggressive Push",
        "AB05": "Economic Focus",
        "AB06": "Straight to Air"
      }
    ],
    "3104": [
      "AI Build",
      {
        "AB00": "Any Build",
        "AB02": "Full Rush",
        "AB03": "Timing Attack",
        "AB04": "Aggressive Push",
        "AB05": "Economic Focus",
        "AB06": "Straight to Air"
      }
    ],
    "3105": [
      "AI Build",
      {
        "AB00": "Any Build",
        "AB02": "Full Rush",
        "AB03": "Timing Attack",
        "AB04": "Aggressive Push",
        "AB05": "Economic Focus",
        "AB06": "Straight to Air"
      }
    ],
    "3106": [
      "AI Build",
      {
        "AB00": "Any Build",
        "AB02": "Full Rush",
        "AB03": "Timing Attack",
        "AB04": "Aggressive Push",
        "AB05": "Economic Focus",
        "AB06": "Straight to Air"
      }
    ],
    "3107": [
      "AI Build",
      {
        "AB00": "Any Build",
        "AB02": "Full Rush",
        "AB03": "Timing Attack",
        "AB04": "Aggressive Push",
        "AB05": "Economic Focus",
        "AB06": "Straight to Air"
      }
    ],
    "3108": [
      "AI Build",
      {
        "AB00": "Any Build",
        "AB02": "Full Rush",
        "AB03": "Timing Attack",
        "AB04": "Aggressive Push",
        "AB05": "Economic Focus",
        "AB06": "Straight to Air"
      }
    ],
    "3109": [
      "AI Build",
      {
        "AB00": "Any Build",
        "AB02": "Full Rush",
        "AB03": "Timing Attack",
        "AB04": "Aggressive Push",
        "AB05": "Economic Focus",
        "AB06": "Straight to Air"
      }
    ],
    "3110": [
      "AI Build",
      {
        "AB00": "Any Build",
        "AB02": "Full Rush",
        "AB03": "Timing Attack",
        "AB04": "Aggressive Push",
        "AB05": "Economic Focus",
        "AB06": "Straight to Air"
      }
    ],
    "3111": [
      "AI Build",
      {
        "AB00": "Any Build",
        "AB02": "Full Rush",
        "AB03": "Timing Attack",
        "AB04": "Aggressive Push",
        "AB05": "Economic Focus",
        "AB06": "Straight to Air"
      }
    ],
    "3134": [
      "AI Build",
      {
        "AB00": "Any Build",
        "AB02": "Full Rush",
        "AB03": "Timing Attack",
        "AB04": "Aggressive Push",
        "AB05": "Economic Focus",
        "AB06": "Straight to Air"
      }
    ],
    "3135": [
      "AI Build",
      {
        "AB00": "Any Build",
        "AB02": "Full Rush",
        "AB03": "Timing Attack",
        "AB04": "Aggressive Push",
        "AB05": "Economic Focus",
        "AB06": "Straight to Air"
      }
    ],
    "3136": [
      "AI Build",
      {
        "AB00": "Any Build",
        "AB02": "Full Rush",
        "AB03": "Timing Attack",
        "AB04": "Aggressive Push",
        "AB05": "Economic Focus",
        "AB06": "Straight to Air"
      }
    ],
    "3137": [
      "AI Build",
      {
        "AB00": "Any Build",
        "AB02": "Full Rush",
        "AB03": "Timing Attack",
        "AB04": "Aggressive Push",
        "AB05": "Economic Focus",
        "AB06": "Straight to Air"
      }
    ],
    "3138": [
      "AI Build",
      {
        "AB00": "Any Build",
        "AB02": "Full Rush",
        "AB03": "Timing Attack",
        "AB04": "Aggressive Push",
        "AB05": "Economic Focus",
        "AB06": "Straight to Air"
      }
    ],
    "3139": [
      "AI Build (Terran)",
      {
        "AB00": "Any Build",
        "AB02": "Full Rush",
        "AB03": "Timing Attack",
        "AB04": "Aggressive Push",
        "AB05": "Economic Focus",
        "AB06": "Straight to Air",
        "AB43": "MarineStim (Timing)",
        "AB44": "MarauderHellion (Timing)",
        "AB45": "MarineSiege (Timing)",
        "AB46": "CloakBanshee (Timing)",
        "AB48": "MMM (Aggressive)",
        "AB49": "MarineSiege (Aggressive)",
        "AB50": "SiegeBanshee (Aggressive)",
        "AB51": "HellionSiege (Aggressive)",
        "AB52": "SiegeThor (Aggressive)",
        "AB54": "BioMMM (Economic)",
        "AB55": "Mech (Economic)",
        "AB56": "ThorBC (Economic)"
      }
    ],
    "3140": [
      "AI Build (Terran)",
      {
        "AB00": "Any Build",
        "AB02": "Full Rush",
        "AB03": "Timing Attack",
        "AB04": "Aggressive Push",
        "AB05": "Economic Focus",
        "AB06": "Straight to Air",
        "AB43": "MarineStim (Timing)",
        "AB44": "MarauderHellion (Timing)",
        "AB45": "MarineSiege (Timing)",
        "AB46": "CloakBanshee (Timing)",
        "AB48": "MMM (Aggressive)",
        "AB49": "MarineSiege (Aggressive)",
        "AB50": "SiegeBanshee (Aggressive)",
        "AB51": "HellionSiege (Aggressive)",
        "AB52": "SiegeThor (Aggressive)",
        "AB54": "BioMMM (Economic)",
        "AB55": "Mech (Economic)",
        "AB56": "ThorBC (Economic)"
      }
    ],
    "3141": [
      "AI Build (Terran)",
      {
        "AB00": "Any Build",
        "AB02": "Full Rush",
        "AB03": "Timing Attack",
        "AB04": "Aggressive Push",
        "AB05": "Economic Focus",
        "AB06": "Straight to Air",
        "AB43": "MarineStim (Timing)",
        "AB44": "MarauderHellion (Timing)",
        "AB45": "MarineSiege (Timing)",
        "AB46": "CloakBanshee (Timing)",
        "AB48": "MMM (Aggressive)",
        "AB49": "MarineSiege (Aggressive)",
        "AB50": "SiegeBanshee (Aggressive)",
        "AB51": "HellionSiege (Aggressive)",
        "AB52": "SiegeThor (Aggressive)",
        "AB54": "BioMMM (Economic)",
        "AB55": "Mech (Economic)",
        "AB56": "ThorBC (Economic)"
      }
    ],
    "3142": [
      "AI Build (Terran)",
      {
        "AB00": "Any Build",
        "AB02": "Full Rush",
        "AB03": "Timing Attack",
        "AB04": "Aggressive Push",
        "AB05": "Economic Focus",
        "AB06": "Straight to Air",
        "AB43": "MarineStim (Timing)",
        "AB44": "MarauderHellion (Timing)",
        "AB45": "MarineSiege (Timing)",
        "AB46": "CloakBanshee (Timing)",
        "AB48": "MMM (Aggressive)",
        "AB49": "MarineSiege (Aggressive)",
        "AB50": "SiegeBanshee (Aggressive)",
        "AB51": "HellionSiege (Aggressive)",
        "AB52": "SiegeThor (Aggressive)",
        "AB54": "BioMMM (Economic)",
        "AB55": "Mech (Economic)",
        "AB56": "ThorBC (Economic)"
      }
    ],
    "3143": [
      "AI Build (Terran)",
      {
        "AB00": "Any Build",
        "AB02": "Full Rush",
        "AB03": "Timing Attack",
        "AB04": "Aggressive Push",
        "AB05": "Economic Focus",
        "AB06": "Straight to Air",
        "AB43": "MarineStim (Timing)",
        "AB44": "MarauderHellion (Timing)",
        "AB45": "MarineSiege (Timing)",
        "AB46": "CloakBanshee (Timing)",
        "AB48": "MMM (Aggressive)",
        "AB49": "MarineSiege (Aggressive)",
        "AB50": "SiegeBanshee (Aggressive)",
        "AB51": "HellionSiege (Aggressive)",
        "AB52": "SiegeThor (Aggressive)",
        "AB54": "BioMMM (Economic)",
        "AB55": "Mech (Economic)",
        "AB56": "ThorBC (Economic)"
      }
    ],
    "3166": [
      "AI Build",
      {
        "AB00": "Any Build",
        "AB02": "Full Rush",
        "AB03": "Timing Attack",
        "AB04": "Aggressive Push",
        "AB05": "Economic Focus",
        "AB06": "Straight to Air"
      }
    ],
    "3167": [
      "AI Build",
      {
        "AB00": "Any Build",
        "AB02": "Full Rush",
        "AB03": "Timing Attack",
        "AB04": "Aggressive Push",
        "AB05": "Economic Focus",
        "AB06": "Straight to Air"
      }
    ],
    "3168": [
      "AI Build",
      {
        "AB00": "Any Build",
        "AB02": "Full Rush",
        "AB03": "Timing Attack",
        "AB04": "Aggressive Push",
        "AB05": "Economic Focus",
        "AB06": "Straight to Air"
      }
    ],
    "3169": [
      "AI Build",
      {
        "AB00": "Any Build",
        "AB02": "Full Rush",
        "AB03": "Timing Attack",
        "AB04": "Aggressive Push",
        "AB05": "Economic Focus",
        "AB06": "Straight to Air"
      }
    ],
    "3170": [
      "AI Build",
      {
        "AB00": "Any Build",
        "AB02": "Full Rush",
        "AB03": "Timing Attack",
        "AB04": "Aggressive Push",
        "AB05": "Economic Focus",
        "AB06": "Straight to Air"
      }
    ],
    "3171": [
      "AI Build (Protoss)",
      {
        "AB00": "Any Build",
        "AB02": "Full Rush",
        "AB03": "Timing Attack",
        "AB04": "Aggressive Push",
        "AB05": "Economic Focus",
        "AB06": "Straight to Air",
        "AB64": "FourGate (Timing)",
        "AB65": "StalkerRobo (Timing)",
        "AB66": "Blink Stalker (Timing)",
        "AB67": "Dark Templar Rush (Timing)",
        "AB69": "SevenGate (Aggressive)",
        "AB70": "ArchonImmortal (Aggressive)",
        "AB71": "Colossi (Aggressive)",
        "AB72": "GatewayAir (Aggressive)",
        "AB73": "VoidPhoenix (Aggressive)",
        "AB75": "GateImmortal (Economic)",
        "AB76": "Colossi (Economic)",
        "AB77": "GatewayAir (Economic)"
      }
    ],
    "3172": [
      "AI Build (Protoss)",
      {
        "AB00": "Any Build",
        "AB02": "Full Rush",
        "AB03": "Timing Attack",
        "AB04": "Aggressive Push",
        "AB05": "Economic Focus",
        "AB06": "Straight to Air",
        "AB64": "FourGate (Timing)",
        "AB65": "StalkerRobo (Timing)",
        "AB66": "Blink Stalker (Timing)",
        "AB67": "Dark Templar Rush (Timing)",
        "AB69": "SevenGate (Aggressive)",
        "AB70": "ArchonImmortal (Aggressive)",
        "AB71": "Colossi (Aggressive)",
        "AB72": "GatewayAir (Aggressive)",
        "AB73": "VoidPhoenix (Aggressive)",
        "AB75": "GateImmortal (Economic)",
        "AB76": "Colossi (Economic)",
        "AB77": "GatewayAir (Economic)"
      }
    ],
    "3173": [
      "AI Build (Protoss)",
      {
        "AB00": "Any Build",
        "AB02": "Full Rush",
        "AB03": "Timing Attack",
        "AB04": "Aggressive Push",
        "AB05": "Economic Focus",
        "AB06": "Straight to Air",
        "AB64": "FourGate (Timing)",
        "AB65": "StalkerRobo (Timing)",
        "AB66": "Blink Stalker (Timing)",
        "AB67": "Dark Templar Rush (Timing)",
        "AB69": "SevenGate (Aggressive)",
        "AB70": "ArchonImmortal (Aggressive)",
        "AB71": "Colossi (Aggressive)",
        "AB72": "GatewayAir (Aggressive)",
        "AB73": "VoidPhoenix (Aggressive)",
        "AB75": "GateImmortal (Economic)",
        "AB76": "Colossi (Economic)",
        "AB77": "GatewayAir (Economic)"
      }
    ],
    "3174": [
      "AI Build (Protoss)",
      {
        "AB00": "Any Build",
        "AB02": "Full Rush",
        "AB03": "Timing Attack",
        "AB04": "Aggressive Push",
        "AB05": "Economic Focus",
        "AB06": "Straight to Air",
        "AB64": "FourGate (Timing)",
        "AB65": "StalkerRobo (Timing)",
        "AB66": "Blink Stalker (Timing)",
        "AB67": "Dark Templar Rush (Timing)",
        "AB69": "SevenGate (Aggressive)",
        "AB70": "ArchonImmortal (Aggressive)",
        "AB71": "Colossi (Aggressive)",
        "AB72": "GatewayAir (Aggressive)",
        "AB73": "VoidPhoenix (Aggressive)",
        "AB75": "GateImmortal (Economic)",
        "AB76": "Colossi (Economic)",
        "AB77": "GatewayAir (Economic)"
      }
    ],
    "3175": [
      "AI Build (Protoss)",
      {
        "AB00": "Any Build",
        "AB02": "Full Rush",
        "AB03": "Timing Attack",
        "AB04": "Aggressive Push",
        "AB05": "Economic Focus",
        "AB06": "Straight to Air",
        "AB64": "FourGate (Timing)",
        "AB65": "StalkerRobo (Timing)",
        "AB66": "Blink Stalker (Timing)",
        "AB67": "Dark Templar Rush (Timing)",
        "AB69": "SevenGate (Aggressive)",
        "AB70": "ArchonImmortal (Aggressive)",
        "AB71": "Colossi (Aggressive)",
        "AB72": "GatewayAir (Aggressive)",
        "AB73": "VoidPhoenix (Aggressive)",
        "AB75": "GateImmortal (Economic)",
        "AB76": "Colossi (Economic)",
        "AB77": "GatewayAir (Economic)"
      }
    ],
    "3198": [
      "AI Build",
      {
        "AB00": "Any Build",
        "AB02": "Full Rush",
        "AB03": "Timing Attack",
        "AB04": "Aggressive Push",
        "AB05": "Economic Focus",
        "AB06": "Straight to Air"
      }
    ],
    "3199": [
      "AI Build",
      {
        "AB00": "Any Build",
        "AB02": "Full Rush",
        "AB03": "Timing Attack",
        "AB04": "Aggressive Push",
        "AB05": "Economic Focus",
        "AB06": "Straight to Air"
      }
    ],
    "3200": [
      "AI Build",
      {
        "AB00": "Any Build",
        "AB02": "Full Rush",
        "AB03": "Timing Attack",
        "AB04": "Aggressive Push",
        "AB05": "Economic Focus",
        "AB06": "Straight to Air"
      }
    ],
    "3201": [
      "AI Build",
      {
        "AB00": "Any Build",
        "AB02": "Full Rush",
        "AB03": "Timing Attack",
        "AB04": "Aggressive Push",
        "AB05": "Economic Focus",
        "AB06": "Straight to Air"
      }
    ],
    "3202": [
      "AI Build",
      {
        "AB00": "Any Build",
        "AB02": "Full Rush",
        "AB03": "Timing Attack",
        "AB04": "Aggressive Push",
        "AB05": "Economic Focus",
        "AB06": "Straight to Air"
      }
    ],
    "3203": [
      "AI Build (Zerg)",
      {
        "AB00": "Any Build",
        "AB02": "Full Rush",
        "AB03": "Timing Attack",
        "AB04": "Aggressive Push",
        "AB05": "Economic Focus",
        "AB06": "Straight to Air",
        "AB23": "BaneLing Bust (Timing)",
        "AB24": "Roach Rush (Timing)",
        "AB25": "LingRoach (Timing)",
        "AB27": "Pure Mutalisk (Aggressive)",
        "AB28": "MutaLing (Aggressive)",
        "AB29": "RoachAttack (Aggressive)",
        "AB30": "RoachInfestor (Aggressive)",
        "AB31": "RoachHydra (Aggressive)",
        "AB34": "Infestor (Economic)",
        "AB35": "Ultralisk (Economic)",
        "AB36": "Brood Lord (Economic)"
      }
    ],
    "3204": [
      "AI Build (Zerg)",
      {
        "AB00": "Any Build",
        "AB02": "Full Rush",
        "AB03": "Timing Attack",
        "AB04": "Aggressive Push",
        "AB05": "Economic Focus",
        "AB06": "Straight to Air",
        "AB23": "BaneLing Bust (Timing)",
        "AB24": "Roach Rush (Timing)",
        "AB25": "LingRoach (Timing)",
        "AB27": "Pure Mutalisk (Aggressive)",
        "AB28": "MutaLing (Aggressive)",
        "AB29": "RoachAttack (Aggressive)",
        "AB30": "RoachInfestor (Aggressive)",
        "AB31": "RoachHydra (Aggressive)",
        "AB34": "Infestor (Economic)",
        "AB35": "Ultralisk (Economic)",
        "AB36": "Brood Lord (Economic)"
      }
    ],
    "3205": [
      "AI Build (Zerg)",
      {
        "AB00": "Any Build",
        "AB02": "Full Rush",
        "AB03": "Timing Attack",
        "AB04": "Aggressive Push",
        "AB05": "Economic Focus",
        "AB06": "Straight to Air",
        "AB23": "BaneLing Bust (Timing)",
        "AB24": "Roach Rush (Timing)",
        "AB25": "LingRoach (Timing)",
        "AB27": "Pure Mutalisk (Aggressive)",
        "AB28": "MutaLing (Aggressive)",
        "AB29": "RoachAttack (Aggressive)",
        "AB30": "RoachInfestor (Aggressive)",
        "AB31": "RoachHydra (Aggressive)",
        "AB34": "Infestor (Economic)",
        "AB35": "Ultralisk (Economic)",
        "AB36": "Brood Lord (Economic)"
      }
    ],
    "3206": [
      "AI Build (Zerg)",
      {
        "AB00": "Any Build",
        "AB02": "Full Rush",
        "AB03": "Timing Attack",
        "AB04": "Aggressive Push",
        "AB05": "Economic Focus",
        "AB06": "Straight to Air",
        "AB23": "BaneLing Bust (Timing)",
        "AB24": "Roach Rush (Timing)",
        "AB25": "LingRoach (Timing)",
        "AB27": "Pure Mutalisk (Aggressive)",
        "AB28": "MutaLing (Aggressive)",
        "AB29": "RoachAttack (Aggressive)",
        "AB30": "RoachInfestor (Aggressive)",
        "AB31": "RoachHydra (Aggressive)",
        "AB34": "Infestor (Economic)",
        "AB35": "Ultralisk (Economic)",
        "AB36": "Brood Lord (Economic)"
      }
    ],
    "3207": [
      "AI Build (Zerg)",
      {
        "AB00": "Any Build",
        "AB02": "Full Rush",
        "AB03": "Timing Attack",
        "AB04": "Aggressive Push",
        "AB05": "Economic Focus",
        "AB06": "Straight to Air",
        "AB23": "BaneLing Bust (Timing)",
        "AB24": "Roach Rush (Timing)",
        "AB25": "LingRoach (Timing)",
        "AB27": "Pure Mutalisk (Aggressive)",
        "AB28": "MutaLing (Aggressive)",
        "AB29": "RoachAttack (Aggressive)",
        "AB30": "RoachInfestor (Aggressive)",
        "AB31": "RoachHydra (Aggressive)",
        "AB34": "Infestor (Economic)",
        "AB35": "Ultralisk (Economic)",
        "AB36": "Brood Lord (Economic)"
      }
    ],
    "4000": [
      "Game Privacy",
      {
        "NoBO": "No Build Order",
        "NoMH": "No Match History",
        "Norm": "Normal"
      }
    ],
    "4001": [
      "Using Custom Observer UI",
      {
        "no": "Not Using Custom Observer UI",
        "yes": "Using Custom Observer UI"
      }
    ]
  },
  "decisions": "(dp0\nc__builtin__\nfrozenset\np1\n((lp2\nS'Hard'\np3\naVHarder\np4\na(I3004\nS'Hard'\np5\ntp6\natp7\nRp8\ng4\nsg1\n((lp9\n(I2001\nS'1v1'\np10\ntp11\naS'1 v 1'\np12\naV1v1\np13\natp14\nRp15\ng13\nsg1\n((lp16\n(I3104\nS'AB04'\np17\ntp18\naS'Agressive Push'\np19\naVAggressive Push\np20\natp21\nRp22\ng20\nsg1\n((lp23\nS'Agressive Push'\np24\naVAggressive Push\np25\na(I3199\nS'AB04'\np26\ntp27\natp28\nRp29\ng25\nsg1\n((lp30\nV6v6\np31\naS'6 v 6'\np32\na(I2001\nS'6v6'\np33\ntp34\natp35\nRp36\ng31\nsg1\n((lp37\nS'Agressive Push'\np38\na(I3102\nS'AB04'\np39\ntp40\naVAggressive Push\np41\natp42\nRp43\ng41\nsg1\n((lp44\nI2003\naVTeams2v2\np45\naS'Team'\np46\natp47\nRp48\ng45\nsg1\n((lp49\nVLadder\np50\na(I3009\nS'Amm'\np51\ntp52\naS'Automated Match Making'\np53\natp54\nRp55\ng50\nsg1\n((lp56\n(I2001\nS'5v5'\np57\ntp58\naS'5 v 5'\np59\naV5v5\np60\natp61\nRp62\ng60\nsg1\n((lp63\nI3141\naVAI Build (Terran)\np64\naS'AI Build'\np65\natp66\nRp67\ng64\nsg1\n((lp68\n(I2001\nS'3v3'\np69\ntp70\naS'3 v 3'\np71\naV3v3\np72\natp73\nRp74\ng72\nsg1\n((lp75\nI3142\naVAI Build (Terran)\np76\naS'AI Build'\np77\natp78\nRp79\ng76\nsg1\n((lp80\n(I3200\nS'AB04'\np81\ntp82\naS'Agressive Push'\np83\naVAggressive Push\np84\natp85\nRp86\ng84\nsg1\n((lp87\nVAI Build (Protoss)\np88\naI3174\naS'AI Build'\np89\natp90\nRp91\ng88\nsg1\n((lp92\nS'Very Hard'\np93\naVElite\np94\na(I3004\nS'VyHd'\np95\ntp96\natp97\nRp98\ng94\nsg1\n((lp99\nS'Agressive Push'\np100\naVAggressive Push\np101\na(I3167\nS'AB04'\np102\ntp103\natp104\nRp105\ng101\nsg1\n((lp106\nI3204\naVAI Build (Zerg)\np107\naS'AI Build'\np108\natp109\nRp110\ng107\nsg1\n((lp111\nVInsane\np112\naS'Cheater 3 (Insane)'\np113\na(I3004\nS'Insa'\np114\ntp115\natp116\nRp117\ng112\nsg1\n((lp118\n(I3007\nS'Watc'\np119\ntp120\naS'Observer'\np121\naS'Watcher'\np122\natp123\nRp124\ng121\nsg1\n((lp125\nI3205\naVAI Build (Zerg)\np126\naS'AI Build'\np127\natp128\nRp129\ng126\nsg1\n((lp130\nVTeams5v5\np131\naI2007\naS'Team'\np132\natp133\nRp134\ng131\nsg1\n((lp135\n(I2001\nS'FFA'\np136\ntp137\naVFFA\np138\naS'Free For All'\np139\natp140\nRp141\ng138\nsg1\n((lp142\nS'Unknown'\np143\naI2012\naS'Team'\np144\natp145\nRp146\ng144\nsg1\n((lp147\nI3206\naVAI Build (Zerg)\np148\naS'AI Build'\np149\natp150\nRp151\ng148\nsg1\n((lp152\n(I3168\nS'AB04'\np153\ntp154\naS'Agressive Push'\np155\naVAggressive Push\np156\natp157\nRp158\ng156\nsg1\n((lp159\nI3172\naVAI Build (Protoss)\np160\naS'AI Build'\np161\natp162\nRp163\ng160\nsg1\n((lp164\nS'Level 1 (Very Easy)'\np165\na(I3004\nS'VyEy'\np166\ntp167\naVVery Easy\np168\natp169\nRp170\ng168\nsg1\n((lp171\nS'Agressive Push'\np172\naVAggressive Push\np173\na(I3135\nS'AB04'\np174\ntp175\natp176\nRp177\ng173\nsg1\n((lp178\nV2v2\np179\naS'2 v 2'\np180\na(I2001\nS'2v2'\np181\ntp182\natp183\nRp184\ng179\nsg1\n((lp185\nS'Agressive Push'\np186\na(I3166\nS'AB04'\np187\ntp188\naVAggressive Push\np189\natp190\nRp191\ng189\nsg1\n((lp192\nVTeamsFFA\np193\naI2006\naS'Team'\np194\natp195\nRp196\ng193\nsg1\n((lp197\nVAI Build (Terran)\np198\naS'AI Build'\np199\naI3143\natp200\nRp201\ng198\nsg1\n((lp202\nVTeams7v7\np203\naI2011\naS'Team'\np204\natp205\nRp206\ng203\nsg1\n((lp207\nVMedium\np208\naS'Level 3 (Medium)'\np209\na(I3004\nS'Medi'\np210\ntp211\natp212\nRp213\ng208\nsg1\n((lp214\nI3140\naVAI Build (Terran)\np215\naS'AI Build'\np216\natp217\nRp218\ng215\nsg1\n((lp219\nS'Level 2 (Easy)'\np220\na(I3004\nS'Easy'\np221\ntp222\naVEasy\np223\natp224\nRp225\ng223\nsg1\n((lp226\n(I3136\nS'AB04'\np227\ntp228\naS'Agressive Push'\np229\naVAggressive Push\np230\natp231\nRp232\ng230\nsg1\n((lp233\nI2008\naVTeams6v6\np234\naS'Team'\np235\natp236\nRp237\ng234\nsg1\n((lp238\nS'Agressive Push'\np239\naVAggressive Push\np240\na(I3103\nS'AB04'\np241\ntp242\natp243\nRp244\ng240\nsg1\n((lp245\nV4v4\np246\naS'4 v 4'\np247\na(I2001\nS'4v4'\np248\ntp249\natp250\nRp251\ng246\nsg1\n((lp252\nS'Agressive Push'\np253\na(I3134\nS'AB04'\np254\ntp255\naVAggressive Push\np256\natp257\nRp258\ng256\nsg1\n((lp259\nVTeams1v1\np260\naI2002\naS'Team'\np261\natp262\nRp263\ng260\nsg1\n((lp264\nI3139\naVAI Build (Terran)\np265\naS'AI Build'\np266\natp267\nRp268\ng265\nsg1\n((lp269\nVAI Build (Zerg)\np270\naS'AI Build'\np271\naI3207\natp272\nRp273\ng270\nsg1\n((lp274\nI3171\naVAI Build (Protoss)\np275\naS'AI Build'\np276\natp277\nRp278\ng275\nsg1\n((lp279\nI3173\naS'AI Build'\np280\naVAI Build (Protoss)\np281\natp282\nRp283\ng281\nsg1\n((lp284\nVTeams3v3\np285\naI2004\naS'Team'\np286\natp287\nRp288\ng285\nsg1\n((lp289\nVAI Build (Protoss)\np290\naS'AI Build'\np291\naI3175\natp292\nRp293\ng290\nsg1\n((lp294\nVTeams4v4\np295\naI2005\naS'Team'\np296\natp297\nRp298\ng295\nsg1\n((lp299\nI3203\naVAI Build (Zerg)\np300\naS'AI Build'\np301\natp302\nRp303\ng300\nsg1\n((lp304\nS'Agressive Push'\np305\na(I3198\nS'AB04'\np306\ntp307\naVAggressive Push\np308\natp309\nRp310\ng308\ns."
}
